file,id
aalbum1.html,ax1
aalbum10.html,ax10
aalbum11.html,ax11
aalbum12.html,ax12
aalbum13.html,ax13
aalbum14.html,ax14
aalbum2.html,ax2
aalbum3.html,ax3
aalbum4.html,ax4
aalbum5.html,ax5
aalbum6.html,ax6
aalbum7.html,ax7
aalbum8.html,ax8
aalbum9.html,ax9
hnalbum1.html,hn1
hnalbum10.html,hn10
hnalbum11.html,hn11
hnalbum12.html,hn12
hnalbum13.html,hn13
hnalbum14.html,hn14
hnalbum15.html,hn15
hnalbum2.html,hn2
hnalbum3.html,hn3
hnalbum4.html,hn4
hnalbum5.html,hn5
hnalbum6.html,hn6
hnalbum7.html,hn7
hnalbum8.html,hn8
hnalbum9.html,hn9
hunting-knives.html,${item.gallery}
index.html,${prod.id}
kitchen-knives.html,kn1
kitchen-knives.html,kn3
kitchen-knives.html,kn4
kitchen-knives.html,kn5
kitchen-knives.html,kn6
kitchen-knives.html,kn7
kitchen-knives.html,kn8
kitchen-knives.html,kn9
kitchen-knives.html,kn10
kitchen-knives.html,kn11
kitchen-knives.html,kn12
kitchen-knives.html,kn13
kitchen-knives.html,kn14
knalbum10.html,kn10
knalbum11.html,kn11
knalbum12.html,kn12
knalbum13.html,kn13
knalbum14.html,kn14
knalbum3.html,kn3
knalbum4.html,kn4
knalbum5.html,kn5
knalbum6.html,kn6
knalbum7.html,kn7
knalbum8.html,kn8
knalbum9.html,kn9
oalbum.html,pk1
oalbum1.html,ot1
oalbum10.html,ot10
oalbum11.html,o11
oalbum12.html,o12
oalbum13.html,o13
oalbum14.html,o14
oalbum15.html,o15
oalbum2.html,ot2
oalbum20.html,o20
oalbum3.html,ot3
oalbum4.html,ot4
oalbum5.html,ot5
oalbum6.html,ot6
oalbum7.html,ot7
oalbum8.html,ot8
oalbum9.html,ot9
Others.html,${other.id}
pkalbum1.html,pk1
pkalbum10.html,pk10
pkalbum2.html,pk2
pkalbum3.html,pk3
pkalbum4.html,pk4
pkalbum5.html,pk5
pkalbum6.html,pk6
pkalbum7.html,pk7
pkalbum8.html,pk8
pkalbum9.html,pk9
pnalbum1.html,pn1
pnalbum2.html,pn2
pocket-knives.html,pk1
pocket-knives.html,pk2
pocket-knives.html,pk3
pocket-knives.html,pk4
pocket-knives.html,pk5
pocket-knives.html,pk6
pocket-knives.html,pk7
pocket-knives.html,pk8
pocket-knives.html,pk9
pocket-knives.html,pk10
ralbum1.html,ring1
ralbum10.html,ring10
ralbum11.html,ring11
ralbum12.html,ring12
ralbum14.html,ring14
ralbum15.html,ring15
ralbum16.html,ring16
ralbum17.html,ring17
ralbum2.html,ring2
ralbum3.html,ring3
ralbum4.html,ring4
ralbum5.html,ring5
ralbum6.html,ring6
ralbum7.html,ring7
ralbum8.html,ring8
ralbum9.html,ring9
Rings.html,${ring.id}
swalbum1.html,sw1
swalbum10.html,sw10
swalbum11.html,sw11
swalbum12.html,sw12
swalbum13.html,sw13
swalbum14.html,sw14
swalbum2.html,sw2
swalbum3.html,sw3
swalbum4.html,sw4
swalbum5.html,sw5
swalbum6.html,sw6
swalbum7.html,sw7
swalbum8.html,sw8
swalbum9.html,sw9
Swords.html,sw1
Swords.html,sw2
Swords.html,sw3
Swords.html,sw4
Swords.html,sw5
Swords.html,sw6
Swords.html,sw7
Swords.html,sw8
Swords.html,sw9
Swords.html,sw10
Swords.html,sw11
Swords.html,sw12
Swords.html,sw13
Swords.html,sw14